Year (year),Name of State (state_name),State Code (state_code),Name of District (district_name),District Code (district_code),Social Group (social_group),Farm Size Class (farm_size_class),Farm Size Category (farm_size_category),Name of Crop (crop_name),Crop Code (crop_code),Name of Crop Type (crop_type),Number Of Holdings in District (hold_no_district),Irrigated Area in District (irr_ar_district),Unirrigated Area in District (unirr_ar_district),Total Area in District (total_ar_district)
"2010-11","Assam","18","Baksa","616","Scheduled Tribe","7.5-10.0","Medium","Rapeseed & Mustard (Toria/Taramira)","1004","Oilseeds","8.0","0.0","4.85","4.85"
"2015-16","Bihar","10","Banka","190","Scheduled Tribe","2.0-3.0","Semi-Medium","Other Leafy Vegetable","717","Vegetable","0.0","0.0","0.0","0.0"
"2015-16","Chhattisgarh","22","Korba","383","Scheduled Caste","0.5-1.0","Marginal","Sesamum (Til)","1003","Oilseeds","37.0","0.0","6.33","6.33"
"2015-16","Uttar Pradesh","9","Etawah","139","Scheduled Caste","3.0-4.0","Semi-Medium","Bread Fruits","626","Fruits","0.0","0.0","0.0","0.0"
"2010-11","Kerala","32","Ernakulam","555","Others","5.0-7.5","Medium","Papaya","615","Fruits","71.0","0.03","0.34","0.37"
"2015-16","Meghalaya","17","North Garo Hills","656","Others","10.0-20.0","Large","Paddy","101","Cereals","0.0","0.0","0.0","0.0"
"2010-11","Uttarakhand","5","Pauri Garhwal","52","Scheduled Caste","0.5-1.0","Marginal","Other Condiments & Spices","588","Spices","0.0","0.0","0.0","0.0"
"2010-11","Karnataka","29","Ballari","528","Others","7.5-10.0","Medium","Subabul","1806","Non-Food","0.0","0.0","0.0","0.0"
"2010-11","Gujarat","24","Surendranagar","460","Others","< 0.5","Marginal","Rapeseed & Mustard (Toria/Taramira)","1004","Oilseeds","84.0","0.0","5.95","5.95"
"2015-16","Chhattisgarh","22","Surajpur","648","Scheduled Tribe","5.0-7.5","Medium","Sawan","186","Cereals","19.0","0.0","3.15","3.15"
"2010-11","Rajasthan","8","Jaipur","102","Others","2.0-3.0","Semi-Medium","Other Oilseeds","1088","Oilseeds","5395.0","188.19","6212.33","6400.52"
"2010-11","Uttar Pradesh","9","Auraiya","122","Others","2.0-3.0","Semi-Medium","Yam","704","Vegetable","0.0","0.0","0.0","0.0"
"2010-11","Gujarat","24","Surat","459","Scheduled Tribe","< 0.5","Marginal","Banana","606","Fruits","49.0","8.94","0.0","8.94"
"2010-11","Assam","18","Chirang","612","Scheduled Caste","4.0-5.0","Medium","Coconut","1006","Oilseeds","0.0","0.0","0.0","0.0"
"2010-11","Manipur","14","Churachandpur","254","Scheduled Tribe","5.0-7.5","Medium","Tomato","713","Vegetable","0.0","0.0","0.0","0.0"
"2015-16","Jharkhand","20","Deoghar","324","Others","10.0-20.0","Large","Other Cereals","188","Cereals","25.0","8.82","20.19","29.02"
"2010-11","Andhra Pradesh","28","Srikakulam","519","Scheduled Caste","4.0-5.0","Medium","Beetroot","711","Vegetable","0.0","0.0","0.0","0.0"
"2015-16","Uttar Pradesh","9","Prayagraj","120","Others","> 20.0","Large","Barley","107","Cereals","0.0","0.0","0.0","0.0"
"2010-11","Madhya Pradesh","23","Chhatarpur","398","Others","1.0-2.0","Small","Sunflower","1007","Oilseeds","4.0","0.74","0.0","0.74"
"2015-16","Gujarat","24","Gir Somnath","675","Others","7.5-10.0","Medium","Small Millets","108","Cereals","0.0","0.0","0.0","0.0"
"2015-16","Uttar Pradesh","9","Etah","138","Scheduled Caste","0.5-1.0","Marginal","Cotton","1101","Fiber Crops","5.0","3.9","0.0","3.9"
"2010-11","Nagaland","13","Wokha","250","Scheduled Tribe","3.0-4.0","Semi-Medium","Oil Palm","1011","Oilseeds","0.0","0.0","0.0","0.0"
"2015-16","Assam","18","Kamrup","291","Others","7.5-10.0","Medium","Bel","628","Fruits","0.0","0.0","0.0","0.0"
"2015-16","Haryana","6","Ambala","58","Institutional","10.0-20.0","Large","Fodder & Green Manures","1499","Fodder","22.0","14.54","0.0","14.54"
"2010-11","Madhya Pradesh","23","Singrauli","638","Others","4.0-5.0","Medium","Paddy","101","Cereals","1168.0","225.08","3311.71","3536.79"
"2015-16","Tamil Nadu","33","Vellore","595","Scheduled Tribe","10.0-20.0","Large","Small Millets","108","Cereals","4.0","0.0","11.54","11.54"
"2015-16","Maharashtra","27","Bhandara","471","Scheduled Caste","7.5-10.0","Medium","Green Chillies","730","Vegetable","0.0","0.0","0.0","0.0"
"2010-11","Andhra Pradesh","28","Chittoor","503","Others","0.5-1.0","Marginal","Beans (Pulses)","207","Pulses","1291.0","76.36","60.22","136.58"
"2010-11","Karnataka","29","Koppal","543","Institutional","7.5-10.0","Medium","Jowar","102","Cereals","0.0","0.0","0.0","0.0"
"2010-11","West Bengal","19","Darjeeling","309","Scheduled Tribe","5.0-7.5","Medium","Jowar","102","Cereals","0.0","0.0","0.0","0.0"
"2015-16","Telangana","36","Ranga Reddy","518","Scheduled Caste","5.0-7.5","Medium","Table Grapes","607","Fruits","1.0","3.72","0.0","3.72"
"2010-11","Uttar Pradesh","9","Fatehpur","142","Scheduled Caste","> 20.0","Large","Other Citrous Fruits","605","Fruits","0.0","0.0","0.0","0.0"
"2010-11","Uttar Pradesh","9","Jhansi","153","Others","4.0-5.0","Medium","Moong","204","Pulses","178.0","2.62","116.59","119.21"
"2010-11","Goa","30","South Goa","552","Others","10.0-20.0","Large","Sugarcane","401","Sugar","11.0","97.29","0.0","97.29"
"2010-11","Tamil Nadu","33","Erode","573","Others","< 0.5","Marginal","Tur (Arhar)","202","Pulses","1010.0","5.08","51.83","56.91"
"2015-16","Uttar Pradesh","9","Aligarh","119","Others","< 0.5","Marginal","Ragi","105","Cereals","8.0","2.3","0.0","2.3"
"2010-11","Uttar Pradesh","9","Kanpur Dehat","156","Others","3.0-4.0","Semi-Medium","Other Tuber Crop","707","Vegetable","0.0","0.0","0.0","0.0"
"2010-11","Gujarat","24","Vadodara","461","Scheduled Tribe","7.5-10.0","Medium","Tur (Arhar)","202","Pulses","316.0","149.29","393.19","542.48"
"2015-16","Rajasthan","8","Alwar","87","Scheduled Caste","10.0-20.0","Large","Fodder & Green Manures","1499","Fodder","2.0","0.0","1.84","1.84"
"2010-11","Bihar","10","Banka","190","Scheduled Tribe","0.5-1.0","Marginal","Moong","204","Pulses","8.0","0.32","0.0","0.32"
"2015-16","Jharkhand","20","Khunti","606","Scheduled Tribe","4.0-5.0","Medium","Colocasia/Arum","706","Vegetable","0.0","0.0","0.0","0.0"
"2010-11","Odisha","21","Kendrapara","360","Others","> 20.0","Large","Sunflower","1007","Oilseeds","0.0","0.0","0.0","0.0"
"2015-16","Tamil Nadu","33","Ramanathapuram","583","Others","< 0.5","Marginal","Onion","708","Vegetable","0.0","0.0","0.0","0.0"
"2010-11","Tamil Nadu","33","Perambalur","581","Others","2.0-3.0","Semi-Medium","Onion","708","Vegetable","459.0","632.7","3.2","635.9"
"2010-11","Chhattisgarh","22","Bastar","374","Others","10.0-20.0","Large","Groundnut","1001","Oilseeds","0.0","0.0","0.0","0.0"
"2010-11","Karnataka","29","Kolar","542","Others","10.0-20.0","Large","Other Plantation Crops","1588","Plantation Crops","0.0","0.0","0.0","0.0"
"2010-11","Odisha","21","Bhadrak","348","Institutional","7.5-10.0","Medium","Groundnut","1001","Oilseeds","0.0","0.0","0.0","0.0"
"2010-11","Tripura","16","South Tripura","271","Scheduled Caste","> 20.0","Large","Walnut","618","Fruits","0.0","0.0","0.0","0.0"
"2015-16","Haryana","6","Karnal","67","Others","4.0-5.0","Medium","Ragi","105","Cereals","0.0","0.0","0.0","0.0"
"2010-11","Karnataka","29","Chikkamagaluru","532","Scheduled Caste","2.0-3.0","Semi-Medium","Rapeseed & Mustard (Toria/Taramira)","1004","Oilseeds","6.0","0.0","4.44","4.44"
"2010-11","Uttar Pradesh","9","Pratapgarh","174","Others","1.0-2.0","Small","Urad","203","Pulses","2841.0","403.85","1192.58","1596.43"
"2010-11","Madhya Pradesh","23","Sehore","427","Others","> 20.0","Large","Other Fodder Crops","1488","Fodder","43.0","2.9","274.08","276.98"
"2010-11","Karnataka","29","Mysuru","545","Others","10.0-20.0","Large","Cardamum (Small)","505","Spices","3.0","0.67","0.0","0.67"
"2015-16","Karnataka","29","Mysuru","545","Scheduled Caste","7.5-10.0","Medium","Moong","204","Pulses","0.0","0.0","0.0","0.0"
"2015-16","Punjab","3","Patiala","41","Scheduled Caste","1.0-2.0","Small","Barley","107","Cereals","18.0","17.7","0.0","17.7"
"2015-16","Haryana","6","Rewari","72","Others","5.0-7.5","Medium","Ragi","105","Cereals","0.0","0.0","0.0","0.0"
"2015-16","Odisha","21","Anugul","344","Scheduled Caste","5.0-7.5","Medium","Paddy","101","Cereals","10.0","0.0","53.08","53.08"
"2015-16","Tripura","16","North Tripura","270","Scheduled Tribe","0.5-1.0","Marginal","Yam","704","Vegetable","0.0","0.0","0.0","0.0"
"2015-16","Tamil Nadu","33","Ariyalur","610","Others","7.5-10.0","Medium","Table Grapes","607","Fruits","0.0","0.0","0.0","0.0"
"2015-16","Chhattisgarh","22","Bastar","374","Scheduled Tribe","0.5-1.0","Marginal","Small Millets","108","Cereals","389.0","0.0","229.34","229.34"
"2010-11","Uttar Pradesh","9","Ayodhya","140","Scheduled Caste","4.0-5.0","Medium","Urad","203","Pulses","0.0","0.0","0.0","0.0"
"2015-16","Rajasthan","8","Barmer","90","Others","2.0-3.0","Semi-Medium","Other Pulses","288","Pulses","0.0","0.0","0.0","0.0"
"2010-11","Uttar Pradesh","9","Sitapur","183","Others","5.0-7.5","Medium","Soyabean","1009","Oilseeds","0.0","0.0","0.0","0.0"
"2015-16","Mizoram","15","Lunglei","265","Scheduled Tribe","> 20.0","Large","Cotton","1101","Fiber Crops","0.0","0.0","0.0","0.0"
"2015-16","Uttar Pradesh","9","Baghpat","124","Scheduled Caste","2.0-3.0","Semi-Medium","Bajra","103","Cereals","3.0","0.0","6.04","6.04"
"2010-11","Karnataka","29","Chitradurga","533","Institutional","< 0.5","Marginal","Paddy","101","Cereals","0.0","0.0","0.0","0.0"
"2015-16","Rajasthan","8","Pali","111","Others","< 0.5","Marginal","Sweet Potato","703","Vegetable","0.0","0.0","0.0","0.0"
"2015-16","Kerala","32","Idukki","556","Institutional","4.0-5.0","Medium","Coriander","509","Spices","0.0","0.0","0.0","0.0"
"2015-16","Uttar Pradesh","9","Azamgarh","123","Scheduled Caste","7.5-10.0","Medium","Urad","203","Pulses","0.0","0.0","0.0","0.0"
"2010-11","Madhya Pradesh","23","Balaghat","392","Scheduled Caste","2.0-3.0","Semi-Medium","Maize","104","Cereals","160.0","0.0","40.35","40.35"
"2010-11","Karnataka","29","Chikkaballapura","630","Scheduled Caste","10.0-20.0","Large","Other Cereals","188","Cereals","0.0","0.0","0.0","0.0"
"2015-16","Chhattisgarh","22","Kanker","381","Scheduled Tribe","< 0.5","Marginal","Beans (Green)","728","Vegetable","16.0","0.0","0.17","0.17"
"2010-11","West Bengal","19","Medinipur East","317","Institutional","4.0-5.0","Medium","Cashewnuts","619","Fruits","0.0","0.0","0.0","0.0"
"2015-16","Gujarat","24","Kheda","450","Others","2.0-3.0","Semi-Medium","Watermelon","624","Fruits","4.0","9.03","0.0","9.03"
"2010-11","Chhattisgarh","22","Jashpur","380","Others","5.0-7.5","Medium","Sweet Potato","703","Vegetable","12.0","0.0","1.22","1.22"
"2010-11","Rajasthan","8","Baran","89","Scheduled Tribe","4.0-5.0","Medium","Rapeseed & Mustard (Toria/Taramira)","1004","Oilseeds","995.0","1972.55","264.9","2237.45"
"2015-16","Chhattisgarh","22","Bastar","374","Scheduled Tribe","0.5-1.0","Marginal","Rapeseed & Mustard (Toria/Taramira)","1004","Oilseeds","79.0","0.0","23.33","23.33"
"2015-16","Jharkhand","20","Gumla","331","Scheduled Tribe","0.5-1.0","Marginal","Summer Paddy","121","Cereals","115.0","8.68","25.78","34.46"
"2010-11","Uttar Pradesh","9","Firozabad","143","Others","1.0-2.0","Small","Opium","1301","Drugs And Narcotics","0.0","0.0","0.0","0.0"
"2010-11","Jammu And Kashmir","1","Kathua","7","Institutional","5.0-7.5","Medium","Paddy","101","Cereals","0.0","0.0","0.0","0.0"
"2010-11","Tamil Nadu","33","Tiruvannamalai","593","Others","> 20.0","Large","Colocasia/Arum","706","Vegetable","0.0","0.0","0.0","0.0"
"2015-16","Andhra Pradesh","28","Visakhapatanam","520","Others","3.0-4.0","Semi-Medium","Brinjal","718","Vegetable","74.0","14.83","0.0","14.83"
"2015-16","Puducherry","34","Pondicherry","600","Others","2.0-3.0","Semi-Medium","Tomato","713","Vegetable","49.0","5.31","0.0","5.31"
"2015-16","Haryana","6","Hisar","63","Others","< 0.5","Marginal","Other Cereals","188","Cereals","161.0","28.09","0.0","28.09"
"2015-16","Rajasthan","8","Pratapgarh","629","Scheduled Tribe","1.0-2.0","Small","Moong","204","Pulses","599.0","162.57","3.74","166.3"
"2010-11","West Bengal","19","Nadia","320","Scheduled Tribe","10.0-20.0","Large","Other Pulses","288","Pulses","0.0","0.0","0.0","0.0"
"2015-16","Andhra Pradesh","28","Y.S.R.","504","Others","0.5-1.0","Marginal","Wheat","106","Cereals","0.0","0.0","0.0","0.0"
"2015-16","Tamil Nadu","33","Theni","588","Others","> 20.0","Large","Sahatoot","629","Fruits","0.0","0.0","0.0","0.0"
"2015-16","Himachal Pradesh","2","Chamba","16","Scheduled Tribe","7.5-10.0","Medium","Groundnut","1001","Oilseeds","0.0","0.0","0.0","0.0"
"2010-11","Karnataka","29","Chitradurga","533","Scheduled Caste","1.0-2.0","Small","Almond","617","Fruits","11.0","0.0","4.84","4.84"
"2010-11","Kerala","32","Thiruvananthapuram","565","Scheduled Caste","2.0-3.0","Semi-Medium","Pepper (Black)","501","Spices","5.0","0.0","0.02","0.02"
"2010-11","Gujarat","24","Rajkot","457","Others","3.0-4.0","Semi-Medium","Jobstears","109","Cereals","0.0","0.0","0.0","0.0"
"2010-11","West Bengal","19","Medinipur West","318","Others","1.0-2.0","Small","Ragi","105","Cereals","0.0","0.0","0.0","0.0"
"2015-16","Tamil Nadu","33","Coimbatore","569","Others","> 20.0","Large","Green Manures","1403","Fodder","0.0","0.0","0.0","0.0"
"2015-16","Uttar Pradesh","9","Sonbhadra","184","Scheduled Tribe","0.5-1.0","Marginal","Sugarcane","401","Sugar","0.0","0.0","0.0","0.0"
"2015-16","Maharashtra","27","Nagpur","484","Scheduled Caste","10.0-20.0","Large","Horsegram","206","Pulses","0.0","0.0","0.0","0.0"
"2010-11","Madhya Pradesh","23","Satna","426","Scheduled Caste","7.5-10.0","Medium","Peas (Pulses)","208","Pulses","41.0","0.0","16.63","16.63"
"2015-16","Rajasthan","8","Jhunjhunu","106","Scheduled Caste","4.0-5.0","Medium","Other Pulses","288","Pulses","137.0","0.75","99.51","100.26"
"2015-16","Andhra Pradesh","28","Vizianagaram","521","Others","10.0-20.0","Large","Guava","616","Fruits","0.0","0.0","0.0","0.0"
"2015-16","Goa","30","South Goa","552","Others","0.5-1.0","Marginal","Jack Fruit","621","Fruits","84.0","0.67","8.64","9.31"
"2010-11","Karnataka","29","Bengaluru Urban","525","Scheduled Caste","0.5-1.0","Marginal","Beans (Green)","728","Vegetable","0.0","0.0","0.0","0.0"
"2010-11","Arunachal Pradesh","12","Papum Pare","237","Scheduled Caste","2.0-3.0","Semi-Medium","Jowar","102","Cereals","0.0","0.0","0.0","0.0"
"2015-16","Chhattisgarh","22","Kabirdham","382","Scheduled Tribe","0.5-1.0","Marginal","Kharif Paddy","131","Cereals","5100.0","722.09","2898.59","3620.68"
"2015-16","Uttarakhand","5","Uttar Kashi","57","Scheduled Caste","> 20.0","Large","Amaranths (Chaulai)","715","Vegetable","0.0","0.0","0.0","0.0"
"2010-11","Uttar Pradesh","9","Siddharth Nagar","182","Others","5.0-7.5","Medium","Bottle Guard (Lauki)","723","Vegetable","0.0","0.0","0.0","0.0"
"2010-11","Assam","18","Karimganj","293","Others","4.0-5.0","Medium","Chiku","614","Fruits","0.0","0.0","0.0","0.0"
"2015-16","Arunachal Pradesh","12","West Siang","243","Scheduled Tribe","3.0-4.0","Semi-Medium","Papaya","615","Fruits","21.0","0.0","1.4","1.4"
"2010-11","Kerala","32","Kasaragod","558","Scheduled Tribe","4.0-5.0","Medium","Cocoa","517","Spices","0.0","0.0","0.0","0.0"
"2010-11","Karnataka","29","Udupi","549","Others","5.0-7.5","Medium","Teak","1805","Non-Food","4.0","0.0","1.75","1.75"
"2010-11","Nagaland","13","Phek","248","Scheduled Tribe","< 0.5","Marginal","Onion","708","Vegetable","0.0","0.0","0.0","0.0"
"2010-11","Assam","18","Cachar","282","Scheduled Caste","> 20.0","Large","Chillies","502","Spices","0.0","0.0","0.0","0.0"
"2015-16","Uttar Pradesh","9","Hapur","661","Others","< 0.5","Marginal","Kharif Paddy","131","Cereals","21321.0","2883.04","1229.96","4112.99"
"2015-16","Uttar Pradesh","9","Bulandshahr","134","Others","< 0.5","Marginal","Moth","209","Pulses","4.0","0.21","0.0","0.21"
"2015-16","Uttar Pradesh","9","Lucknow","162","Others","4.0-5.0","Medium","Peas (Pulses)","208","Pulses","5.0","3.0","0.0","3.0"
"2015-16","Tamil Nadu","33","Pudukkottai","582","Others","5.0-7.5","Medium","Sweet Potato","703","Vegetable","0.0","0.0","0.0","0.0"
"2010-11","West Bengal","19","Murshidabad","319","Scheduled Caste","7.5-10.0","Medium","Sunflower","1007","Oilseeds","0.0","0.0","0.0","0.0"
"2015-16","Madhya Pradesh","23","Ratlam","423","Scheduled Tribe","5.0-7.5","Medium","Sweet Potato","703","Vegetable","0.0","0.0","0.0","0.0"
"2010-11","Assam","18","Chirang","612","Scheduled Tribe","3.0-4.0","Semi-Medium","Bitter Guard","725","Vegetable","6.0","0.0","1.32","1.32"
"2010-11","Chhattisgarh","22","Kanker","381","Others","1.0-2.0","Small","Urad","203","Pulses","1054.0","2.1","311.17","313.27"
"2010-11","Madhya Pradesh","23","Jabalpur","411","Scheduled Tribe","3.0-4.0","Semi-Medium","Safflower","1008","Oilseeds","6.0","0.0","13.73","13.73"
"2010-11","Assam","18","Baksa","616","Scheduled Tribe","0.5-1.0","Marginal","Colocasia/Arum","706","Vegetable","217.0","0.0","49.74","49.74"
"2010-11","Rajasthan","8","Bharatpur","91","Others","1.0-2.0","Small","Sunflower","1007","Oilseeds","6.0","2.73","0.0","2.73"
"2015-16","Telangana","36","Ranga Reddy","518","Scheduled Caste","4.0-5.0","Medium","Garlic","508","Spices","0.0","0.0","0.0","0.0"
"2010-11","Andhra Pradesh","28","East Godavari","505","Scheduled Tribe","< 0.5","Marginal","Other Pulses","288","Pulses","102.0","0.0","16.48","16.48"
"2015-16","Madhya Pradesh","23","Burhanpur","397","Scheduled Tribe","5.0-7.5","Medium","Tur (Arhar)","202","Pulses","83.0","1.48","40.88","42.36"
"2015-16","Uttar Pradesh","9","Deoria","137","Others","5.0-7.5","Medium","Spinach","714","Vegetable","0.0","0.0","0.0","0.0"
"2010-11","Himachal Pradesh","2","Shimla","23","Others","< 0.5","Marginal","Pear","610","Fruits","81.0","0.0","11.28","11.28"
"2010-11","Madhya Pradesh","23","Datia","401","Scheduled Caste","10.0-20.0","Large","Moong","204","Pulses","0.0","0.0","0.0","0.0"
"2010-11","Chhattisgarh","22","Bastar","374","Scheduled Tribe","5.0-7.5","Medium","Urad","203","Pulses","1392.0","0.0","838.3","838.3"
"2010-11","Gujarat","24","Surendranagar","460","Scheduled Tribe","3.0-4.0","Semi-Medium","Other Fruits","688","Fruits","0.0","0.0","0.0","0.0"
"2015-16","Gujarat","24","Surat","459","Scheduled Caste","0.5-1.0","Marginal","Bajra","103","Cereals","14.0","10.85","0.0","10.85"
"2015-16","Rajasthan","8","Jodhpur","107","Others","< 0.5","Marginal","Paddy","101","Cereals","5.0","1.65","0.0","1.65"
"2015-16","Assam","18","Udalguri","617","Others","3.0-4.0","Semi-Medium","Vanilla","1717","Aromatic","0.0","0.0","0.0","0.0"
"2015-16","Puducherry","34","Pondicherry","600","Scheduled Caste","7.5-10.0","Medium","Other Cereals","188","Cereals","0.0","0.0","0.0","0.0"
"2010-11","Madhya Pradesh","23","Ashoknagar","391","Scheduled Caste","1.0-2.0","Small","Horsegram","206","Pulses","0.0","0.0","0.0","0.0"
"2015-16","Puducherry","34","Mahe","599","Institutional","4.0-5.0","Medium","Banana","606","Fruits","0.0","0.0","0.0","0.0"
"2010-11","Himachal Pradesh","2","Bilaspur","15","Others","0.5-1.0","Marginal","Brinjal","718","Vegetable","49.0","0.16","0.32","0.48"
"2010-11","Rajasthan","8","Baran","89","Scheduled Tribe","1.0-2.0","Small","Jowar","102","Cereals","86.0","0.0","64.3","64.3"
"2010-11","Tamil Nadu","33","Vellore","595","Scheduled Caste","2.0-3.0","Semi-Medium","Fodder & Green Manures","1499","Fodder","3.0","0.32","0.0","0.32"
"2010-11","Gujarat","24","Panch Mahals","454","Others","3.0-4.0","Semi-Medium","Sunhemp","1104","Fiber Crops","0.0","0.0","0.0","0.0"
"2010-11","Madhya Pradesh","23","Sheopur","431","Scheduled Caste","10.0-20.0","Large","Other Vegetables","788","Vegetable","0.0","0.0","0.0","0.0"
"2010-11","West Bengal","19","Murshidabad","319","Institutional","> 20.0","Large","Wheat","106","Cereals","0.0","0.0","0.0","0.0"
"2015-16","Assam","18","Tinsukia","302","Scheduled Tribe","1.0-2.0","Small","Potato","701","Vegetable","36.0","0.0","15.15","15.15"
"2010-11","Tamil Nadu","33","Erode","573","Institutional","> 20.0","Large","Groundnut","1001","Oilseeds","0.0","0.0","0.0","0.0"
"2015-16","Rajasthan","8","Jaipur","102","Scheduled Tribe","2.0-3.0","Semi-Medium","Other Fruits","688","Fruits","0.0","0.0","0.0","0.0"
"2015-16","Maharashtra","27","Wardha","498","Scheduled Tribe","5.0-7.5","Medium","Bajra","103","Cereals","3.0","0.0","1.36","1.36"
"2010-11","Uttar Pradesh","9","Mainpuri","166","Others","0.5-1.0","Marginal","Colocasia/Arum","706","Vegetable","88.0","14.88","0.0","14.88"
"2015-16","Andhra Pradesh","28","Guntur","506","Scheduled Caste","3.0-4.0","Semi-Medium","Tomato","713","Vegetable","0.0","0.0","0.0","0.0"
"2015-16","Karnataka","29","Raichur","546","Others","2.0-3.0","Semi-Medium","Chrysanthemum","1607","Flowers","0.0","0.0","0.0","0.0"
"2010-11","Haryana","6","Jind","65","Scheduled Tribe","7.5-10.0","Medium","Green Manures","1403","Fodder","0.0","0.0","0.0","0.0"
"2015-16","Madhya Pradesh","23","Sehore","427","Scheduled Caste","4.0-5.0","Medium","Coriander","509","Spices","11.0","2.99","0.0","2.99"
"2015-16","Uttar Pradesh","9","Gautam Buddha Nagar","144","Scheduled Caste","4.0-5.0","Medium","Guar","1401","Fodder","0.0","0.0","0.0","0.0"
"2010-11","Karnataka","29","Shivamogga","547","Others","10.0-20.0","Large","Cloves","515","Spices","0.0","0.0","0.0","0.0"
"2010-11","Kerala","32","Kasaragod","558","Institutional","5.0-7.5","Medium","Guava","616","Fruits","5.0","0.0","0.04","0.04"
"2010-11","Assam","18","Karbi Anglong","292","Scheduled Caste","7.5-10.0","Medium","Other Leafy Vegetable","717","Vegetable","0.0","0.0","0.0","0.0"
"2015-16","Karnataka","29","Bagalkote","524","Scheduled Caste","< 0.5","Marginal","Rapeseed & Mustard (Toria/Taramira)","1004","Oilseeds","0.0","0.0","0.0","0.0"
"2015-16","Puducherry","34","Pondicherry","600","Institutional","3.0-4.0","Semi-Medium","Plantain","636","Fruits","1.0","0.28","0.0","0.28"
"2010-11","Andaman And Nicobar Islands","35","South Andamans","602","Others","< 0.5","Marginal","Guava","616","Fruits","51.0","0.0","1.36","1.36"
"2015-16","Manipur","14","Ukhrul","260","Scheduled Tribe","0.5-1.0","Marginal","Sunflower","1007","Oilseeds","0.0","0.0","0.0","0.0"
"2010-11","Tamil Nadu","33","Tiruvannamalai","593","Scheduled Caste","0.5-1.0","Marginal","Lemon / Acid Lime","604","Fruits","0.0","0.0","0.0","0.0"
"2015-16","Telangana","36","Mahabubnagar","512","Others","> 20.0","Large","Castorseed","1002","Oilseeds","27.0","0.0","56.27","56.27"
"2015-16","Jharkhand","20","Ranchi","339","Others","0.5-1.0","Marginal","Other Cereals","188","Cereals","10064.0","565.87","2100.53","2666.41"
"2010-11","Arunachal Pradesh","12","Lower Subansiri","236","Scheduled Tribe","1.0-2.0","Small","Cauliflower","721","Vegetable","8.0","1.24","0.0","1.24"
"2010-11","West Bengal","19","Dinajpur Uttar","311","Scheduled Caste","10.0-20.0","Large","Masur","205","Pulses","0.0","0.0","0.0","0.0"
"2010-11","West Bengal","19","Medinipur East","317","Others","7.5-10.0","Medium","Gladiolus","1603","Flowers","0.0","0.0","0.0","0.0"
"2015-16","Chhattisgarh","22","Balrampur","649","Scheduled Tribe","4.0-5.0","Medium","Cucumber","722","Vegetable","0.0","0.0","0.0","0.0"
"2015-16","Uttar Pradesh","9","Sitapur","183","Others","4.0-5.0","Medium","Sweet Potato","703","Vegetable","0.0","0.0","0.0","0.0"
"2010-11","Jammu And Kashmir","1","Reasi","627","Institutional","10.0-20.0","Large","Maize","104","Cereals","1.0","0.0","13.12","13.12"
"2010-11","Uttar Pradesh","9","Moradabad","171","Others","10.0-20.0","Large","Coriander","509","Spices","0.0","0.0","0.0","0.0"
"2010-11","Madhya Pradesh","23","Mandsaur","416","Others","1.0-2.0","Small","Soyabean","1009","Oilseeds","21558.0","2846.91","23516.57","26363.48"
"2015-16","Kerala","32","Ernakulam","555","Institutional","< 0.5","Marginal","Guava","616","Fruits","458.0","0.03","1.12","1.15"
"2015-16","Madhya Pradesh","23","Betul","394","Scheduled Tribe","10.0-20.0","Large","Maize","104","Cereals","639.0","33.79","3233.09","3266.88"
"2015-16","Jharkhand","20","Garhwa","328","Scheduled Caste","< 0.5","Marginal","Cardamum (Small)","505","Spices","0.0","0.0","0.0","0.0"
"2010-11","Madhya Pradesh","23","Jabalpur","411","Others","3.0-4.0","Semi-Medium","Fodder & Green Manures","1499","Fodder","17.0","19.59","0.0","19.59"
"2010-11","Andaman And Nicobar Islands","35","South Andamans","602","Others","5.0-7.5","Medium","Pear","610","Fruits","0.0","0.0","0.0","0.0"
"2010-11","Madhya Pradesh","23","Barwani","393","Scheduled Caste","2.0-3.0","Semi-Medium","Other Vegetables","788","Vegetable","7.0","2.16","0.0","2.16"
"2010-11","Rajasthan","8","Jhalawar","105","Others","3.0-4.0","Semi-Medium","Other Flowers","1688","Flowers","0.0","0.0","0.0","0.0"
"2015-16","Rajasthan","8","Udaipur","117","Others","1.0-2.0","Small","Ragi","105","Cereals","0.0","0.0","0.0","0.0"
"2010-11","Uttar Pradesh","9","Ambedkar Nagar","121","Others","3.0-4.0","Semi-Medium","Jobstears","109","Cereals","0.0","0.0","0.0","0.0"
"2015-16","Rajasthan","8","Jodhpur","107","Others","1.0-2.0","Small","Other Fruits","688","Fruits","0.0","0.0","0.0","0.0"
"2015-16","Karnataka","29","Ballari","528","Others","1.0-2.0","Small","Oil Palm","1011","Oilseeds","26.0","13.26","24.17","37.43"
"2015-16","Uttarakhand","5","Tehri Garhwal","55","Others","10.0-20.0","Large","Barley","107","Cereals","0.0","0.0","0.0","0.0"
"2010-11","Tamil Nadu","33","Theni","588","Others","0.5-1.0","Marginal","Lady'S Finger (Bhindi)","720","Vegetable","90.0","35.88","0.58","36.46"
"2010-11","West Bengal","19","Howrah","313","Scheduled Tribe","0.5-1.0","Marginal","Paddy","101","Cereals","0.0","0.0","0.0","0.0"
"2015-16","Uttar Pradesh","9","Pilibhit","173","Others","5.0-7.5","Medium","Soyabean","1009","Oilseeds","84.0","5.13","327.38","332.51"
"2015-16","Uttarakhand","5","Dehradun","49","Others","2.0-3.0","Semi-Medium","Other Fodder Crops","1488","Fodder","301.0","46.09","20.94","67.03"
"2015-16","Punjab","3","Fatehgarh Sahib","30","Scheduled Caste","5.0-7.5","Medium","Barley","107","Cereals","0.0","0.0","0.0","0.0"
"2010-11","Maharashtra","27","Gondia","476","Institutional","10.0-20.0","Large","Gram","201","Pulses","1.0","0.0","11.4","11.4"
"2010-11","Karnataka","29","Bengaluru Urban","525","Others","> 20.0","Large","Fodder & Green Manures","1499","Fodder","3.0","0.0","0.07","0.07"
"2010-11","Punjab","3","Barnala","605","Others","4.0-5.0","Medium","Green Manures","1403","Fodder","0.0","0.0","0.0","0.0"
"2010-11","West Bengal","19","Jalpaiguri","314","Scheduled Caste","4.0-5.0","Medium","Musk Melon","625","Fruits","0.0","0.0","0.0","0.0"
"2010-11","Punjab","3","Ludhiana","36","Others","< 0.5","Marginal","Barley","107","Cereals","15.0","2.49","0.0","2.49"
"2015-16","Bihar","10","Buxar","194","Others","5.0-7.5","Medium","Sweet Potato","703","Vegetable","0.0","0.0","0.0","0.0"
"2010-11","Tamil Nadu","33","Ariyalur","610","Scheduled Caste","3.0-4.0","Semi-Medium","Cotton","1101","Fiber Crops","6.0","0.0","11.27","11.27"
"2015-16","Uttarakhand","5","Bageshwar","46","Scheduled Caste","7.5-10.0","Medium","Horsegram","206","Pulses","0.0","0.0","0.0","0.0"
"2010-11","Nagaland","13","Dimapur","244","Scheduled Tribe","1.0-2.0","Small","Masur","205","Pulses","0.0","0.0","0.0","0.0"
"2010-11","Maharashtra","27","Chandrapur","473","Scheduled Caste","7.5-10.0","Medium","Other Oilseeds","1088","Oilseeds","0.0","0.0","0.0","0.0"
"2015-16","Tamil Nadu","33","Thanjavur","586","Others","7.5-10.0","Medium","Other Citrous Fruits","605","Fruits","0.0","0.0","0.0","0.0"
"2015-16","Assam","18","Kamrup","291","Scheduled Caste","3.0-4.0","Semi-Medium","Mangoes","601","Fruits","0.0","0.0","0.0","0.0"
"2015-16","Chhattisgarh","22","Kanker","381","Others","4.0-5.0","Medium","Spinach","714","Vegetable","0.0","0.0","0.0","0.0"
"2010-11","Madhya Pradesh","23","Satna","426","Scheduled Tribe","7.5-10.0","Medium","Masur","205","Pulses","0.0","0.0","0.0","0.0"
"2010-11","Uttar Pradesh","9","Etawah","139","Others","< 0.5","Marginal","Turmeric","504","Spices","0.0","0.0","0.0","0.0"
"2015-16","Odisha","21","Kendujhar","361","Others","4.0-5.0","Medium","Other Non-Food Crops","1888","Non-Food","0.0","0.0","0.0","0.0"
"2010-11","Tamil Nadu","33","Tuticorin","594","Others","5.0-7.5","Medium","Palmvriah","402","Sugar","295.0","0.0","121.58","121.58"
"2010-11","Kerala","32","Kasaragod","558","Scheduled Caste","4.0-5.0","Medium","Lemon / Acid Lime","604","Fruits","0.0","0.0","0.0","0.0"
"2010-11","Rajasthan","8","Jhunjhunu","106","Scheduled Tribe","2.0-3.0","Semi-Medium","Horsegram","206","Pulses","11.0","5.49","0.0","5.49"
"2010-11","Odisha","21","Mayurbhanj","365","Scheduled Tribe","5.0-7.5","Medium","Mangoes","601","Fruits","7.0","0.0","3.59","3.59"
"2010-11","Uttar Pradesh","9","Varanasi","187","Institutional","> 20.0","Large","Paddy","101","Cereals","2.0","101.11","0.0","101.11"
"2010-11","Karnataka","29","Kodagu","541","Scheduled Caste","4.0-5.0","Medium","Cashewnuts","619","Fruits","0.0","0.0","0.0","0.0"
"2015-16","Rajasthan","8","Pali","111","Others","> 20.0","Large","Garlic","508","Spices","0.0","0.0","0.0","0.0"
"2015-16","Manipur","14","Senapati","257","Scheduled Tribe","> 20.0","Large","Soyabean","1009","Oilseeds","0.0","0.0","0.0","0.0"
"2015-16","Bihar","10","Sheohar","220","Others","< 0.5","Marginal","Peas (Pulses)","208","Pulses","0.0","0.0","0.0","0.0"
"2015-16","Tamil Nadu","33","Kanchipuram","574","Institutional","10.0-20.0","Large","Coconut","1006","Oilseeds","8.0","0.0","22.85","22.85"
"2010-11","Maharashtra","27","Yavatmal","500","Institutional","2.0-3.0","Semi-Medium","Other Vegetables","788","Vegetable","5.0","0.0","11.54","11.54"
"2010-11","Uttar Pradesh","9","Bhadohi","179","Others","0.5-1.0","Marginal","Onion","708","Vegetable","0.0","0.0","0.0","0.0"
"2010-11","Kerala","32","Thiruvananthapuram","565","Scheduled Caste","< 0.5","Marginal","Turmeric","504","Spices","679.0","0.92","1.09","2.01"
"2015-16","Uttar Pradesh","9","Mahoba","165","Scheduled Caste","5.0-7.5","Medium","Sesamum (Til)","1003","Oilseeds","87.0","0.0","305.56","305.56"
"2010-11","Haryana","6","Bhiwani","59","Others","2.0-3.0","Semi-Medium","Groundnut","1001","Oilseeds","54.0","1.85","0.0","1.85"
"2015-16","Tamil Nadu","33","Tirunelveli","592","Institutional","3.0-4.0","Semi-Medium","Cocoa","517","Spices","0.0","0.0","0.0","0.0"
"2015-16","West Bengal","19","Hooghly","312","Scheduled Caste","2.0-3.0","Semi-Medium","Spinach","714","Vegetable","0.0","0.0","0.0","0.0"
"2015-16","Rajasthan","8","Bundi","94","Scheduled Caste","3.0-4.0","Semi-Medium","Fodder & Green Manures","1499","Fodder","160.0","11.65","63.3","74.95"
"2010-11","Jammu And Kashmir","1","Bandipora","623","Scheduled Caste","0.5-1.0","Marginal","Potato","701","Vegetable","0.0","0.0","0.0","0.0"
"2010-11","Odisha","21","Sambalpur","371","Institutional","10.0-20.0","Large","Groundnut","1001","Oilseeds","0.0","0.0","0.0","0.0"
"2015-16","Uttar Pradesh","9","Kannauj","155","Scheduled Caste","7.5-10.0","Medium","Other Fodder Crops","1488","Fodder","0.0","0.0","0.0","0.0"
"2010-11","Meghalaya","17","East Jaintia Hills","657","Scheduled Tribe","7.5-10.0","Medium","Other Tuber Crop","707","Vegetable","0.0","0.0","0.0","0.0"
"2010-11","Karnataka","29","Dakshina Kannada","534","Others","5.0-7.5","Medium","Table Grapes","607","Fruits","0.0","0.0","0.0","0.0"
"2015-16","Andhra Pradesh","28","Vizianagaram","521","Others","0.5-1.0","Marginal","Other Medicinal Plant","1705","Medicinal","0.0","0.0","0.0","0.0"
"2010-11","Tamil Nadu","33","Madurai","578","Others","10.0-20.0","Large","Bajra","103","Cereals","17.0","12.05","4.63","16.68"
"2015-16","Tamil Nadu","33","Coimbatore","569","Others","0.5-1.0","Marginal","Other Condiments & Spices","588","Spices","496.0","102.12","1.13","103.26"
"2015-16","Tripura","16","Sepahijala","653","Scheduled Caste","3.0-4.0","Semi-Medium","Carrot","709","Vegetable","0.0","0.0","0.0","0.0"
"2015-16","Assam","18","Darrang","283","Scheduled Tribe","> 20.0","Large","Colocasia/Arum","706","Vegetable","0.0","0.0","0.0","0.0"
"2010-11","Karnataka","29","Mandya","544","Scheduled Caste","> 20.0","Large","Watermelon","624","Fruits","0.0","0.0","0.0","0.0"
"2015-16","Assam","18","Tinsukia","302","Others","3.0-4.0","Semi-Medium","Other Cereals","188","Cereals","75.0","0.0","26.8","26.8"
"2015-16","Haryana","6","Jind","65","Others","5.0-7.5","Medium","Groundnut","1001","Oilseeds","0.0","0.0","0.0","0.0"
"2015-16","Jharkhand","20","Pakur","337","Scheduled Tribe","10.0-20.0","Large","Spinach","714","Vegetable","0.0","0.0","0.0","0.0"
"2015-16","Tamil Nadu","33","Salem","584","Others","3.0-4.0","Semi-Medium","Other Fruits","688","Fruits","3.0","0.67","0.0","0.67"
"2015-16","Uttarakhand","5","Tehri Garhwal","55","Scheduled Caste","5.0-7.5","Medium","Yam","704","Vegetable","0.0","0.0","0.0","0.0"
"2010-11","Karnataka","29","Chikkamagaluru","532","Scheduled Caste","5.0-7.5","Medium","Guava","616","Fruits","0.0","0.0","0.0","0.0"
"2015-16","Assam","18","Sonitpur","301","Others","3.0-4.0","Semi-Medium","Mulberry Crop","1803","Non-Food","0.0","0.0","0.0","0.0"
"2015-16","Kerala","32","Thiruvananthapuram","565","Others","> 20.0","Large","Other Vegetables","788","Vegetable","0.0","0.0","0.0","0.0"
"2010-11","Tamil Nadu","33","Theni","588","Scheduled Caste","< 0.5","Marginal","Mulberry Crop","1803","Non-Food","0.0","0.0","0.0","0.0"
"2015-16","Madhya Pradesh","23","Anuppur","390","Scheduled Caste","4.0-5.0","Medium","Masur","205","Pulses","7.0","0.0","0.89","0.89"
"2015-16","Bihar","10","Pashchim Champaran","211","Scheduled Caste","0.5-1.0","Marginal","Wheat","106","Cereals","9146.0","3300.97","144.81","3445.79"
"2015-16","Bihar","10","Saran","218","Scheduled Caste","4.0-5.0","Medium","Gram","201","Pulses","0.0","0.0","0.0","0.0"
"2015-16","Karnataka","29","Shivamogga","547","Others","3.0-4.0","Semi-Medium","Small Millets","108","Cereals","4.0","3.88","0.0","3.88"
"2015-16","Maharashtra","27","Chandrapur","473","Others","0.5-1.0","Marginal","Musk Melon","625","Fruits","0.0","0.0","0.0","0.0"
"2010-11","Jharkhand","20","Dumka","326","Others","4.0-5.0","Medium","Rapeseed & Mustard (Toria/Taramira)","1004","Oilseeds","62.0","2.78","3.81","6.59"
"2015-16","Gujarat","24","Rajkot","457","Others","7.5-10.0","Medium","Sesamum (Til)","1003","Oilseeds","47.0","70.0","34.91","104.91"
"2015-16","Chhattisgarh","22","Jashpur","380","Scheduled Caste","10.0-20.0","Large","Cucumber","722","Vegetable","0.0","0.0","0.0","0.0"
"2010-11","Uttar Pradesh","9","Shahjahanpur","180","Others","2.0-3.0","Semi-Medium","Cotton","1101","Fiber Crops","0.0","0.0","0.0","0.0"
"2015-16","Madhya Pradesh","23","Raisen","421","Others","< 0.5","Marginal","Other Fibres","1188","Fiber Crops","0.0","0.0","0.0","0.0"
"2010-11","Uttarakhand","5","Dehradun","49","Scheduled Tribe","5.0-7.5","Medium","Masur","205","Pulses","283.0","0.0","39.54","39.54"
"2015-16","Jharkhand","20","Gumla","331","Scheduled Tribe","5.0-7.5","Medium","Garlic","508","Spices","42.0","8.05","11.66","19.71"
"2015-16","Uttar Pradesh","9","Hathras","163","Institutional","1.0-2.0","Small","Kharif Paddy","131","Cereals","0.0","0.0","0.0","0.0"
"2015-16","Karnataka","29","Bengaluru Rural","526","Scheduled Tribe","0.5-1.0","Marginal","Green Chillies","730","Vegetable","0.0","0.0","0.0","0.0"
"2010-11","Rajasthan","8","Bhilwara","92","Scheduled Caste","1.0-2.0","Small","Guar","1401","Fodder","494.0","0.0","339.87","339.87"
"2010-11","Uttarakhand","5","Almora","45","Institutional","7.5-10.0","Medium","Barley","107","Cereals","0.0","0.0","0.0","0.0"
"2015-16","Madhya Pradesh","23","East Nimar","405","Scheduled Tribe","< 0.5","Marginal","Green Chillies","730","Vegetable","5.0","0.34","0.0","0.34"
"2010-11","Maharashtra","27","Jalna","479","Others","> 20.0","Large","Sesamum (Til)","1003","Oilseeds","0.0","0.0","0.0","0.0"
"2010-11","Tamil Nadu","33","Tirunelveli","592","Scheduled Caste","3.0-4.0","Semi-Medium","Cashewnuts","619","Fruits","8.0","0.19","3.58","3.77"
"2015-16","Tamil Nadu","33","Ariyalur","610","Others","3.0-4.0","Semi-Medium","Walnut","618","Fruits","0.0","0.0","0.0","0.0"
"2015-16","Odisha","21","Koraput","363","Scheduled Tribe","3.0-4.0","Semi-Medium","Brinjal","718","Vegetable","163.0","6.07","29.25","35.32"
"2010-11","Rajasthan","8","Alwar","87","Scheduled Tribe","2.0-3.0","Semi-Medium","Vench (Guar)","727","Vegetable","126.0","0.43","75.83","76.26"
"2010-11","Chhattisgarh","22","Raipur","387","Scheduled Caste","10.0-20.0","Large","Maize","104","Cereals","0.0","0.0","0.0","0.0"
"2015-16","West Bengal","19","Alipurduar","664","Scheduled Caste","1.0-2.0","Small","Sunhemp","1104","Fiber Crops","41.0","0.0","8.37","8.37"
"2015-16","Assam","18","Darrang","283","Scheduled Caste","1.0-2.0","Small","Tomato","713","Vegetable","0.0","0.0","0.0","0.0"
"2015-16","Rajasthan","8","Jhalawar","105","Others","0.5-1.0","Marginal","Other Tuber Crop","707","Vegetable","4.0","0.91","0.0","0.91"
"2015-16","Uttar Pradesh","9","Saharanpur","177","Scheduled Caste","10.0-20.0","Large","Jowar","102","Cereals","0.0","0.0","0.0","0.0"
"2010-11","Madhya Pradesh","23","Panna","420","Scheduled Caste","4.0-5.0","Medium","Horsegram","206","Pulses","0.0","0.0","0.0","0.0"
"2010-11","Tripura","16","South Tripura","271","Scheduled Caste","7.5-10.0","Medium","Beans (Green)","728","Vegetable","0.0","0.0","0.0","0.0"
"2015-16","Odisha","21","Boudh","349","Scheduled Tribe","10.0-20.0","Large","Potato","701","Vegetable","0.0","0.0","0.0","0.0"
"2015-16","Kerala","32","Thrissur","566","Scheduled Caste","1.0-2.0","Small","Guava","616","Fruits","15.0","0.0","0.01","0.01"
"2015-16","Arunachal Pradesh","12","Upper Subansiri","241","Scheduled Tribe","5.0-7.5","Medium","Carrot","709","Vegetable","0.0","0.0","0.0","0.0"
"2015-16","Karnataka","29","Ramanagara","631","Others","3.0-4.0","Semi-Medium","Nigerseed","1010","Oilseeds","68.0","0.0","4.11","4.11"
"2015-16","Odisha","21","Sonepur","372","Scheduled Tribe","> 20.0","Large","Kharif Paddy","131","Cereals","0.0","0.0","0.0","0.0"
"2015-16","Madhya Pradesh","23","Sheopur","431","Scheduled Caste","10.0-20.0","Large","Fodder & Green Manures","1499","Fodder","0.0","0.0","0.0","0.0"
"2015-16","Kerala","32","Kasaragod","558","Scheduled Tribe","> 20.0","Large","Betelnuts (Areca Nuts)","507","Spices","0.0","0.0","0.0","0.0"
"2015-16","Rajasthan","8","Alwar","87","Scheduled Tribe","2.0-3.0","Semi-Medium","Carrot","709","Vegetable","12.0","3.99","0.0","3.99"
"2010-11","Tripura","16","Dhalai","269","Scheduled Tribe","< 0.5","Marginal","Kiwi Fruit","613","Fruits","0.0","0.0","0.0","0.0"
"2015-16","Madhya Pradesh","23","Rajgarh","422","Scheduled Caste","< 0.5","Marginal","Guar","1401","Fodder","0.0","0.0","0.0","0.0"
"2015-16","Assam","18","Sivasagar","300","Others","> 20.0","Large","Other Citrous Fruits","605","Fruits","0.0","0.0","0.0","0.0"
"2010-11","Uttar Pradesh","9","Ambedkar Nagar","121","Scheduled Caste","2.0-3.0","Semi-Medium","Other Fodder Crops","1488","Fodder","0.0","0.0","0.0","0.0"
"2015-16","Maharashtra","27","Ratnagiri","492","Others","0.5-1.0","Marginal","Other Fodder Crops","1488","Fodder","5234.0","0.0","1884.28","1884.28"
"2015-16","Jammu And Kashmir","1","Kishtwar","620","Institutional","7.5-10.0","Medium","Other Fruits","688","Fruits","0.0","0.0","0.0","0.0"
"2010-11","Tamil Nadu","33","Virudhunagar","597","Institutional","1.0-2.0","Small","Maize","104","Cereals","0.0","0.0","0.0","0.0"
"2015-16","Odisha","21","Rayagada","370","Scheduled Caste","0.5-1.0","Marginal","Cotton","1101","Fiber Crops","697.0","0.0","342.94","342.94"
"2015-16","Tamil Nadu","33","Cuddalore","570","Scheduled Caste","4.0-5.0","Medium","Jack Fruit","621","Fruits","0.0","0.0","0.0","0.0"
"2015-16","West Bengal","19","Kalimpong","702","Others","< 0.5","Marginal","Banana","606","Fruits","23.0","0.0","1.6","1.6"
"2015-16","Tamil Nadu","33","Virudhunagar","597","Others","3.0-4.0","Semi-Medium","Coriander","509","Spices","177.0","1.42","117.61","119.03"
"2015-16","Maharashtra","27","Washim","499","Others","> 20.0","Large","Other Vegetables","788","Vegetable","0.0","0.0","0.0","0.0"
"2010-11","Arunachal Pradesh","12","West Kameng","242","Scheduled Tribe","2.0-3.0","Semi-Medium","Cauliflower","721","Vegetable","5.0","0.0","0.51","0.51"
"2010-11","Uttar Pradesh","9","Mathura","167","Scheduled Caste","4.0-5.0","Medium","Rapeseed & Mustard (Toria/Taramira)","1004","Oilseeds","89.0","328.69","0.0","328.69"
"2015-16","Uttar Pradesh","9","Etah","138","Others","0.5-1.0","Marginal","Summer Paddy","121","Cereals","15.0","7.8","0.0","7.8"
"2010-11","Odisha","21","Balangir","345","Scheduled Tribe","1.0-2.0","Small","Ragi","105","Cereals","323.0","0.0","28.47","28.47"
"2010-11","Assam","18","Sonitpur","301","Scheduled Caste","5.0-7.5","Medium","Ginger","503","Spices","0.0","0.0","0.0","0.0"
"2015-16","Madhya Pradesh","23","Ratlam","423","Scheduled Caste","< 0.5","Marginal","Other Condiments & Spices","588","Spices","56.0","15.99","1.28","17.28"
"2015-16","Jammu And Kashmir","1","Doda","4","Scheduled Caste","10.0-20.0","Large","Apple","609","Fruits","0.0","0.0","0.0","0.0"
"2010-11","Kerala","32","Ernakulam","555","Scheduled Tribe","0.5-1.0","Marginal","Teak","1805","Non-Food","0.0","0.0","0.0","0.0"
"2015-16","Uttar Pradesh","9","Muzaffarnagar","172","Others","2.0-3.0","Semi-Medium","Lichi","622","Fruits","10.0","14.56","0.0","14.56"
"2010-11","Bihar","10","Katihar","201","Others","> 20.0","Large","Rose","1602","Flowers","0.0","0.0","0.0","0.0"
"2015-16","Tamil Nadu","33","Namakkal","580","Others","> 20.0","Large","Spinach","714","Vegetable","0.0","0.0","0.0","0.0"
"2010-11","Punjab","3","Hoshiarpur","33","Scheduled Caste","0.5-1.0","Marginal","Orange And Kinu","602","Fruits","11.0","8.21","0.0","8.21"
"2010-11","West Bengal","19","Medinipur East","317","Others","2.0-3.0","Semi-Medium","Other Vegetables","788","Vegetable","61.0","18.37","3.11","21.48"
"2010-11","Maharashtra","27","Nashik","487","Scheduled Tribe","4.0-5.0","Medium","Carrot","709","Vegetable","14.0","0.0","7.87","7.87"
"2015-16","Meghalaya","17","South West Garo Hills","663","Institutional","0.5-1.0","Marginal","Pepper (Black)","501","Spices","0.0","0.0","0.0","0.0"
"2010-11","Tamil Nadu","33","Nagapattinam","579","Institutional","> 20.0","Large","Other Non-Food Crops","1888","Non-Food","0.0","0.0","0.0","0.0"
"2015-16","Rajasthan","8","Sirohi","115","Others","7.5-10.0","Medium","Tur (Arhar)","202","Pulses","4.0","0.0","1.28","1.28"
"2010-11","Uttar Pradesh","9","Sonbhadra","184","Scheduled Caste","0.5-1.0","Marginal","Oil Palm","1011","Oilseeds","0.0","0.0","0.0","0.0"
"2015-16","Uttar Pradesh","9","Sitapur","183","Others","3.0-4.0","Semi-Medium","Wheat","106","Cereals","5867.0","11705.66","1195.36","12901.02"
"2010-11","Jharkhand","20","Pakur","337","Others","1.0-2.0","Small","Moong","204","Pulses","0.0","0.0","0.0","0.0"
"2010-11","Rajasthan","8","Dungarpur","99","Scheduled Tribe","0.5-1.0","Marginal","Fenugreek","514","Spices","0.0","0.0","0.0","0.0"
"2010-11","Kerala","32","Idukki","556","Scheduled Caste","3.0-4.0","Semi-Medium","Other Leafy Vegetable","717","Vegetable","0.0","0.0","0.0","0.0"
"2015-16","Gujarat","24","Panch Mahals","454","Others","7.5-10.0","Medium","Other Vegetables","788","Vegetable","0.0","0.0","0.0","0.0"
"2015-16","Tripura","16","West Tripura","272","Scheduled Caste","7.5-10.0","Medium","Mangoes","601","Fruits","0.0","0.0","0.0","0.0"
"2015-16","Rajasthan","8","Udaipur","117","Scheduled Caste","7.5-10.0","Medium","Castorseed","1002","Oilseeds","0.0","0.0","0.0","0.0"
"2015-16","Chhattisgarh","22","Bijapur","636","Scheduled Tribe","2.0-3.0","Semi-Medium","Cauliflower","721","Vegetable","24.0","0.25","0.06","0.3"
"2015-16","West Bengal","19","Jalpaiguri","314","Others","3.0-4.0","Semi-Medium","Jute","1102","Fiber Crops","0.0","0.0","0.0","0.0"
"2010-11","Rajasthan","8","Barmer","90","Others","2.0-3.0","Semi-Medium","Isabgol","1702","Medicinal","1891.0","2202.3","4.5","2206.8"
"2010-11","Maharashtra","27","Satara","494","Scheduled Caste","4.0-5.0","Medium","Peas (Pulses)","208","Pulses","0.0","0.0","0.0","0.0"
"2010-11","Tripura","16","West Tripura","272","Scheduled Tribe","5.0-7.5","Medium","Other Citrous Fruits","605","Fruits","6.0","0.0","2.61","2.61"
"2010-11","Gujarat","24","Anand","440","Scheduled Caste","3.0-4.0","Semi-Medium","Other Drugs & Narcotics","1388","Drugs And Narcotics","0.0","0.0","0.0","0.0"
"2010-11","Andhra Pradesh","28","Prakasam","517","Others","4.0-5.0","Medium","Mangoes","601","Fruits","108.0","21.58","117.22","138.8"
"2015-16","Bihar","10","Muzaffarpur","208","Others","1.0-2.0","Small","Other Condiments & Spices","588","Spices","0.0","0.0","0.0","0.0"
"2010-11","Karnataka","29","Hassan","539","Scheduled Caste","3.0-4.0","Semi-Medium","Masur","205","Pulses","0.0","0.0","0.0","0.0"
"2015-16","Kerala","32","Kasaragod","558","Others","1.0-2.0","Small","Other Condiments & Spices","588","Spices","150.0","0.25","0.19","0.44"
"2015-16","Assam","18","Kamrup","291","Others","7.5-10.0","Medium","Sunflower","1007","Oilseeds","0.0","0.0","0.0","0.0"
"2015-16","Kerala","32","Idukki","556","Others","0.5-1.0","Marginal","Isabgol","1702","Medicinal","0.0","0.0","0.0","0.0"
"2010-11","Arunachal Pradesh","12","West Siang","243","Scheduled Tribe","> 20.0","Large","Peas (Pulses)","208","Pulses","0.0","0.0","0.0","0.0"
"2015-16","Madhya Pradesh","23","Sehore","427","Others","7.5-10.0","Medium","Peas (Vegetable) (Green)","719","Vegetable","0.0","0.0","0.0","0.0"
"2015-16","Chhattisgarh","22","Rajnandgaon","388","Scheduled Tribe","4.0-5.0","Medium","Other Vegetables","788","Vegetable","138.0","17.71","64.22","81.93"
"2015-16","Odisha","21","Boudh","349","Scheduled Caste","0.5-1.0","Marginal","Sugarcane","401","Sugar","16.0","0.0","0.54","0.54"
"2015-16","Uttar Pradesh","9","Mathura","167","Others","3.0-4.0","Semi-Medium","Tinda","732","Vegetable","0.0","0.0","0.0","0.0"
"2010-11","Telangana","36","Karimnagar","508","Others","< 0.5","Marginal","Horsegram","206","Pulses","644.0","47.66","30.0","77.66"
"2010-11","Assam","18","Darrang","283","Others","7.5-10.0","Medium","Green Chillies","730","Vegetable","0.0","0.0","0.0","0.0"
"2015-16","Jharkhand","20","East Singhbum","327","Scheduled Tribe","7.5-10.0","Medium","Linseed","1005","Oilseeds","0.0","0.0","0.0","0.0"
"2010-11","Goa","30","South Goa","552","Others","> 20.0","Large","Teak","1805","Non-Food","0.0","0.0","0.0","0.0"
"2010-11","Gujarat","24","Panch Mahals","454","Scheduled Caste","4.0-5.0","Medium","Small Millets","108","Cereals","0.0","0.0","0.0","0.0"
"2010-11","West Bengal","19","Darjeeling","309","Scheduled Tribe","2.0-3.0","Semi-Medium","Jowar","102","Cereals","0.0","0.0","0.0","0.0"
"2015-16","Uttar Pradesh","9","Unnao","186","Others","> 20.0","Large","Jack Fruit","621","Fruits","0.0","0.0","0.0","0.0"
"2015-16","Gujarat","24","Banas Kantha","441","Scheduled Caste","10.0-20.0","Large","Other Pulses","288","Pulses","0.0","0.0","0.0","0.0"
"2015-16","Telangana","36","Khammam","509","Others","10.0-20.0","Large","Fodder & Green Manures","1499","Fodder","0.0","0.0","0.0","0.0"
"2010-11","Uttar Pradesh","9","Bahraich","125","Institutional","< 0.5","Marginal","Paddy","101","Cereals","43.0","0.0","10.27","10.27"
"2010-11","Uttar Pradesh","9","Aligarh","119","Scheduled Tribe","< 0.5","Marginal","Fodder & Green Manures","1499","Fodder","0.0","0.0","0.0","0.0"
"2015-16","Maharashtra","27","Gadchiroli","475","Others","< 0.5","Marginal","Groundnut","1001","Oilseeds","26.0","3.53","2.91","6.44"
"2010-11","Gujarat","24","Anand","440","Scheduled Caste","2.0-3.0","Semi-Medium","Rose","1602","Flowers","16.0","38.11","0.0","38.11"
"2015-16","Karnataka","29","Bagalkote","524","Others","0.5-1.0","Marginal","Other Pulses","288","Pulses","17.0","4.23","0.0","4.23"
"2015-16","Uttar Pradesh","9","Amethi","640","Others","7.5-10.0","Medium","Urad","203","Pulses","22.0","17.92","72.06","89.97"
"2010-11","Rajasthan","8","Baran","89","Scheduled Caste","4.0-5.0","Medium","Green Chillies","730","Vegetable","8.0","0.96","0.0","0.96"
"2010-11","Madhya Pradesh","23","Anuppur","390","Others","1.0-2.0","Small","Urad","203","Pulses","1085.0","2.44","246.08","248.52"
"2015-16","Gujarat","24","Patan","455","Scheduled Caste","4.0-5.0","Medium","Sugarcane","401","Sugar","0.0","0.0","0.0","0.0"
"2015-16","Chhattisgarh","22","Janjgir-Champa","379","Scheduled Tribe","4.0-5.0","Medium","Other Fruits","688","Fruits","0.0","0.0","0.0","0.0"
"2010-11","Gujarat","24","Panch Mahals","454","Scheduled Caste","10.0-20.0","Large","Beans (Green)","728","Vegetable","0.0","0.0","0.0","0.0"
"2010-11","Uttar Pradesh","9","Lucknow","162","Others","10.0-20.0","Large","Sugarcane","401","Sugar","9.0","80.14","0.0","80.14"
"2010-11","Odisha","21","Nuapada","368","Scheduled Caste","10.0-20.0","Large","Cotton","1101","Fiber Crops","0.0","0.0","0.0","0.0"
"2015-16","Himachal Pradesh","2","Mandi","22","Scheduled Tribe","0.5-1.0","Marginal","Other Pulses","288","Pulses","9.0","0.0","0.16","0.16"
"2015-16","Delhi","7","North","80","Others","< 0.5","Marginal","Kharif Paddy","131","Cereals","229.0","68.27","0.7","68.97"
"2010-11","Rajasthan","8","Sikar","114","Scheduled Tribe","7.5-10.0","Medium","Rapeseed & Mustard (Toria/Taramira)","1004","Oilseeds","7.0","0.0","14.77","14.77"
"2015-16","Punjab","3","Ludhiana","36","Scheduled Caste","7.5-10.0","Medium","Other Fodder Crops","1488","Fodder","111.0","67.57","0.0","67.57"
"2010-11","Maharashtra","27","Beed","470","Others","< 0.5","Marginal","Maize","104","Cereals","11552.0","13.03","3077.4","3090.43"
"2010-11","West Bengal","19","Howrah","313","Others","< 0.5","Marginal","Lady'S Finger (Bhindi)","720","Vegetable","833.0","94.78","4.32","99.1"
"2015-16","Uttar Pradesh","9","Jaunpur","152","Others","5.0-7.5","Medium","Amaranths (Chaulai)","715","Vegetable","0.0","0.0","0.0","0.0"
"2010-11","Maharashtra","27","Aurangabad","469","Others","5.0-7.5","Medium","Gram","201","Pulses","638.0","4.61","3231.72","3236.33"
"2010-11","Kerala","32","Kottayam","560","Others","4.0-5.0","Medium","Canes","1801","Non-Food","0.0","0.0","0.0","0.0"
"2015-16","Himachal Pradesh","2","Solan","25","Others","3.0-4.0","Semi-Medium","Sugarcane","401","Sugar","0.0","0.0","0.0","0.0"
"2015-16","Uttar Pradesh","9","Sitapur","183","Others","0.5-1.0","Marginal","Cardamum (Large)","506","Spices","0.0","0.0","0.0","0.0"
"2015-16","Maharashtra","27","Nanded","485","Others","2.0-3.0","Semi-Medium","Pre Kharif Paddy","111","Cereals","31.0","0.0","39.84","39.84"
"2010-11","Kerala","32","Kozhikode","561","Others","> 20.0","Large","Wheat","106","Cereals","0.0","0.0","0.0","0.0"
"2010-11","Tamil Nadu","33","Theni","588","Scheduled Caste","0.5-1.0","Marginal","Bitter Guard","725","Vegetable","0.0","0.0","0.0","0.0"
"2015-16","Rajasthan","8","Barmer","90","Institutional","10.0-20.0","Large","Barley","107","Cereals","4.0","7.24","0.0","7.24"
"2010-11","Tamil Nadu","33","Dharmapuri","571","Others","4.0-5.0","Medium","Horsegram","206","Pulses","265.0","3.38","171.65","175.03"
"2010-11","Odisha","21","Nayagarh","367","Scheduled Tribe","> 20.0","Large","Brinjal","718","Vegetable","0.0","0.0","0.0","0.0"
"2015-16","Sikkim","11","South District","227","Others","7.5-10.0","Medium","Onion","708","Vegetable","0.0","0.0","0.0","0.0"
"2015-16","Assam","18","Golaghat","288","Scheduled Caste","5.0-7.5","Medium","Sesamum (Til)","1003","Oilseeds","0.0","0.0","0.0","0.0"
"2015-16","Punjab","3","Shahid Bhagat Singh Nagar","40","Scheduled Caste","5.0-7.5","Medium","Rapeseed & Mustard (Toria/Taramira)","1004","Oilseeds","41.0","24.75","0.0","24.75"
"2010-11","Karnataka","29","Kalaburagi","538","Scheduled Tribe","5.0-7.5","Medium","Other Vegetables","788","Vegetable","0.0","0.0","0.0","0.0"
"2015-16","Rajasthan","8","Bundi","94","Others","1.0-2.0","Small","Sunhemp","1104","Fiber Crops","4.0","0.0","4.73","4.73"
"2010-11","Puducherry","34","Pondicherry","600","Scheduled Caste","4.0-5.0","Medium","Palmvriah","402","Sugar","0.0","0.0","0.0","0.0"
"2010-11","Madhya Pradesh","23","Rewa","424","Scheduled Tribe","1.0-2.0","Small","Guava","616","Fruits","0.0","0.0","0.0","0.0"
"2010-11","West Bengal","19","Dinajpur Dakshin","310","Others","< 0.5","Marginal","Drumstick","729","Vegetable","65.0","0.0","7.45","7.45"
"2015-16","Madhya Pradesh","23","Seoni","428","Others","10.0-20.0","Large","Other Pulses","288","Pulses","7.0","0.44","0.15","0.58"
"2010-11","Tamil Nadu","33","Villupuram","596","Others","1.0-2.0","Small","Tamarind","510","Spices","63.0","2.28","15.27","17.55"
"2015-16","Assam","18","Sivasagar","300","Scheduled Tribe","< 0.5","Marginal","Rapeseed & Mustard (Toria/Taramira)","1004","Oilseeds","94.0","0.0","4.03","4.03"
"2015-16","Kerala","32","Kannur","557","Scheduled Tribe","10.0-20.0","Large","Colocasia/Arum","706","Vegetable","0.0","0.0","0.0","0.0"
"2015-16","Madhya Pradesh","23","Balaghat","392","Others","10.0-20.0","Large","Ragi","105","Cereals","0.0","0.0","0.0","0.0"
"2010-11","Maharashtra","27","Satara","494","Others","3.0-4.0","Semi-Medium","Table Grapes","607","Fruits","6.0","0.0","17.97","17.97"
"2015-16","Karnataka","29","Koppal","543","Others","7.5-10.0","Medium","Rapeseed & Mustard (Toria/Taramira)","1004","Oilseeds","13.0","15.54","6.79","22.33"
"2010-11","Odisha","21","Sundargarh","373","Scheduled Tribe","0.5-1.0","Marginal","Banana","606","Fruits","92.0","0.0","2.15","2.15"
"2015-16","Tamil Nadu","33","Salem","584","Scheduled Tribe","2.0-3.0","Semi-Medium","Drumstick","729","Vegetable","0.0","0.0","0.0","0.0"
"2015-16","Andhra Pradesh","28","West Godavari","523","Scheduled Tribe","2.0-3.0","Semi-Medium","Guar","1401","Fodder","17.0","0.0","15.94","15.94"
"2010-11","Uttar Pradesh","9","Bareilly","130","Others","> 20.0","Large","Pumpkin","724","Vegetable","0.0","0.0","0.0","0.0"
"2015-16","Madhya Pradesh","23","Bhind","395","Scheduled Caste","3.0-4.0","Semi-Medium","Vench (Guar)","727","Vegetable","0.0","0.0","0.0","0.0"
"2010-11","Jammu And Kashmir","1","Pulwama","11","Others","10.0-20.0","Large","Other Fibres","1188","Fiber Crops","0.0","0.0","0.0","0.0"
"2015-16","Kerala","32","Thrissur","566","Institutional","7.5-10.0","Medium","Sugarcane","401","Sugar","0.0","0.0","0.0","0.0"
"2015-16","Odisha","21","Bhadrak","348","Institutional","2.0-3.0","Semi-Medium","Kharif Paddy","131","Cereals","0.0","0.0","0.0","0.0"
"2015-16","Rajasthan","8","Sawai Madhopur","113","Institutional","1.0-2.0","Small","Soyabean","1009","Oilseeds","0.0","0.0","0.0","0.0"
"2015-16","Tripura","16","Unakoti","655","Scheduled Caste","5.0-7.5","Medium","Beans (Pulses)","207","Pulses","0.0","0.0","0.0","0.0"
"2010-11","Uttar Pradesh","9","Bhadohi","179","Others","2.0-3.0","Semi-Medium","Maize","104","Cereals","46.0","0.0","43.38","43.38"
"2015-16","Jammu And Kashmir","1","Shopian","625","Others","< 0.5","Marginal","Kharif Paddy","131","Cereals","2274.0","455.27","13.26","468.53"
"2015-16","Kerala","32","Kannur","557","Others","1.0-2.0","Small","Beetroot","711","Vegetable","9.0","0.35","0.0","0.35"
"2015-16","Punjab","3","Ludhiana","36","Others","< 0.5","Marginal","Other Fibres","1188","Fiber Crops","0.0","0.0","0.0","0.0"
"2010-11","Arunachal Pradesh","12","Papum Pare","237","Scheduled Tribe","4.0-5.0","Medium","Tapioca (Cassava)","702","Vegetable","16.0","0.0","2.08","2.08"
"2015-16","Gujarat","24","Mahesana","451","Others","7.5-10.0","Medium","Lemon / Acid Lime","604","Fruits","0.0","0.0","0.0","0.0"
"2015-16","Jharkhand","20","Garhwa","328","Others","2.0-3.0","Semi-Medium","Other Cereals","188","Cereals","88.0","0.0","15.41","15.41"
"2015-16","West Bengal","19","Dinajpur Dakshin","310","Others","2.0-3.0","Semi-Medium","Tomato","713","Vegetable","0.0","0.0","0.0","0.0"
"2015-16","Telangana","36","Karimnagar","508","Scheduled Tribe","< 0.5","Marginal","Rapeseed & Mustard (Toria/Taramira)","1004","Oilseeds","9.0","2.17","0.0","2.17"
"2015-16","Karnataka","29","Mandya","544","Scheduled Tribe","7.5-10.0","Medium","Pumpkin","724","Vegetable","0.0","0.0","0.0","0.0"
"2010-11","Tripura","16","West Tripura","272","Scheduled Caste","7.5-10.0","Medium","Saffron","521","Spices","0.0","0.0","0.0","0.0"
"2015-16","Karnataka","29","Koppal","543","Others","4.0-5.0","Medium","Cumin Seed","511","Spices","0.0","0.0","0.0","0.0"
"2015-16","Jammu And Kashmir","1","Kulgam","622","Others","0.5-1.0","Marginal","Other Pulses","288","Pulses","30.0","1.45","0.0","1.45"
"2015-16","Assam","18","Marigaon","296","Scheduled Tribe","5.0-7.5","Medium","Other Condiments & Spices","588","Spices","0.0","0.0","0.0","0.0"
"2015-16","Andhra Pradesh","28","Chittoor","503","Others","> 20.0","Large","Cauliflower","721","Vegetable","0.0","0.0","0.0","0.0"
"2015-16","Chhattisgarh","22","Durg","378","Scheduled Tribe","< 0.5","Marginal","Paddy","101","Cereals","2626.0","477.04","290.54","767.58"
"2015-16","Karnataka","29","Koppal","543","Scheduled Caste","2.0-3.0","Semi-Medium","Groundnut","1001","Oilseeds","163.0","61.24","125.44","186.67"
"2010-11","Bihar","10","Siwan","222","Others","3.0-4.0","Semi-Medium","Indigo","1201","Dyes And Tan","0.0","0.0","0.0","0.0"
"2015-16","Chhattisgarh","22","Jashpur","380","Scheduled Tribe","10.0-20.0","Large","Paddy","101","Cereals","1512.0","178.63","13081.99","13260.63"
"2015-16","Telangana","36","Adilabad","501","Others","0.5-1.0","Marginal","Mangoes","601","Fruits","197.0","6.24","150.34","156.58"
"2010-11","Bihar","10","Gopalganj","197","Others","7.5-10.0","Medium","Bitter Guard","725","Vegetable","0.0","0.0","0.0","0.0"
"2015-16","Tamil Nadu","33","Kanchipuram","574","Others","10.0-20.0","Large","Radish","710","Vegetable","0.0","0.0","0.0","0.0"
"2015-16","Tamil Nadu","33","Dindigul","572","Others","2.0-3.0","Semi-Medium","Peas (Pulses)","208","Pulses","0.0","0.0","0.0","0.0"
"2015-16","Tamil Nadu","33","Namakkal","580","Scheduled Tribe","3.0-4.0","Semi-Medium","Castorseed","1002","Oilseeds","4.0","0.0","6.45","6.45"
"2015-16","Rajasthan","8","Alwar","87","Scheduled Caste","4.0-5.0","Medium","Alovera","1707","Aromatic","12.0","0.0","9.33","9.33"
"2015-16","Assam","18","Baksa","616","Scheduled Caste","2.0-3.0","Semi-Medium","Ginger","503","Spices","30.0","0.0","2.58","2.58"
"2010-11","Chhattisgarh","22","Surguja","389","Scheduled Caste","> 20.0","Large","Other Pulses","288","Pulses","0.0","0.0","0.0","0.0"
"2010-11","Sikkim","11","West District","228","Others","1.0-2.0","Small","Garlic","508","Spices","21.0","0.0","0.92","0.92"
"2015-16","Rajasthan","8","Bhilwara","92","Scheduled Tribe","< 0.5","Marginal","Guar","1401","Fodder","184.0","0.0","34.51","34.51"
"2010-11","Madhya Pradesh","23","Rewa","424","Others","1.0-2.0","Small","Jobstears","109","Cereals","83.0","6.06","67.18","73.24"
"2015-16","Bihar","10","Madhubani","206","Institutional","0.5-1.0","Marginal","Other Oilseeds","1088","Oilseeds","2.0","0.0","0.1","0.1"
"2015-16","Maharashtra","27","Ratnagiri","492","Others","1.0-2.0","Small","Onion","708","Vegetable","11.0","9.68","0.0","9.68"
"2010-11","Madhya Pradesh","23","Narsinghpur","418","Scheduled Tribe","10.0-20.0","Large","Jowar","102","Cereals","8.0","0.0","42.06","42.06"
"2010-11","Arunachal Pradesh","12","West Kameng","242","Scheduled Tribe","3.0-4.0","Semi-Medium","Spinach","714","Vegetable","0.0","0.0","0.0","0.0"
"2015-16","Rajasthan","8","Ganganagar","100","Others","3.0-4.0","Semi-Medium","Fenugreek","514","Spices","21.0","12.09","0.0","12.09"
"2015-16","Maharashtra","27","Nandurbar","486","Institutional","0.5-1.0","Marginal","Chillies","502","Spices","0.0","0.0","0.0","0.0"
"2010-11","Uttar Pradesh","9","Shravasti","181","Others","1.0-2.0","Small","Groundnut","1001","Oilseeds","0.0","0.0","0.0","0.0"
"2010-11","Jharkhand","20","Dhanbad","325","Others","3.0-4.0","Semi-Medium","Fodder & Green Manures","1499","Fodder","0.0","0.0","0.0","0.0"
"2015-16","Karnataka","29","Dharwad","536","Scheduled Tribe","0.5-1.0","Marginal","Cotton","1101","Fiber Crops","277.0","0.0","178.78","178.78"
"2010-11","Assam","18","Hailakandi","289","Others","3.0-4.0","Semi-Medium","Vench (Guar)","727","Vegetable","0.0","0.0","0.0","0.0"
"2010-11","Kerala","32","Kottayam","560","Scheduled Caste","10.0-20.0","Large","Nutmeg","513","Spices","0.0","0.0","0.0","0.0"
"2010-11","Kerala","32","Kollam","559","Others","0.5-1.0","Marginal","Brinjal","718","Vegetable","1568.0","3.37","0.42","3.79"
"2010-11","Uttar Pradesh","9","Moradabad","171","Scheduled Tribe","10.0-20.0","Large","Other Drugs & Narcotics","1388","Drugs And Narcotics","0.0","0.0","0.0","0.0"
"2010-11","Assam","18","Karimganj","293","Others","4.0-5.0","Medium","Garlic","508","Spices","0.0","0.0","0.0","0.0"
"2015-16","Uttar Pradesh","9","Jalaun","151","Scheduled Caste","> 20.0","Large","Other Cereals","188","Cereals","0.0","0.0","0.0","0.0"
"2015-16","Gujarat","24","Junagadh","448","Scheduled Caste","2.0-3.0","Semi-Medium","Mangoes","601","Fruits","0.0","0.0","0.0","0.0"
"2015-16","Chhattisgarh","22","Balrampur","649","Others","< 0.5","Marginal","Rapeseed & Mustard (Toria/Taramira)","1004","Oilseeds","4014.0","340.09","703.82","1043.91"
"2015-16","Maharashtra","27","Jalna","479","Scheduled Tribe","3.0-4.0","Semi-Medium","Other Fibres","1188","Fiber Crops","0.0","0.0","0.0","0.0"
"2010-11","Karnataka","29","Shivamogga","547","Others","0.5-1.0","Marginal","Mulberry Crop","1803","Non-Food","21.0","5.69","1.19","6.88"
"2010-11","Madhya Pradesh","23","Raisen","421","Others","0.5-1.0","Marginal","Other Vegetables","788","Vegetable","19.0","6.45","9.19","15.64"
"2015-16","Jharkhand","20","Khunti","606","Others","7.5-10.0","Medium","Cucumber","722","Vegetable","0.0","0.0","0.0","0.0"
"2015-16","Assam","18","Kokrajhar","294","Scheduled Tribe","3.0-4.0","Semi-Medium","Potato","701","Vegetable","426.0","2.14","131.89","134.03"
"2015-16","Assam","18","Kamrup","291","Scheduled Tribe","10.0-20.0","Large","Horsegram","206","Pulses","0.0","0.0","0.0","0.0"
"2010-11","West Bengal","19","24 Paraganas South","304","Scheduled Caste","0.5-1.0","Marginal","Maize","104","Cereals","0.0","0.0","0.0","0.0"
"2015-16","Andhra Pradesh","28","Vizianagaram","521","Institutional","> 20.0","Large","Urad","203","Pulses","3.0","0.0","93.15","93.15"
"2010-11","Madhya Pradesh","23","Panna","420","Scheduled Tribe","7.5-10.0","Medium","Castorseed","1002","Oilseeds","0.0","0.0","0.0","0.0"
"2015-16","Madhya Pradesh","23","Mandla","415","Scheduled Tribe","4.0-5.0","Medium","Other Oilseeds","1088","Oilseeds","279.0","18.69","176.07","194.76"
"2010-11","Telangana","36","Mahabubnagar","512","Scheduled Caste","1.0-2.0","Small","Tapioca (Cassava)","702","Vegetable","0.0","0.0","0.0","0.0"
"2015-16","Chhattisgarh","22","Bastar","374","Scheduled Tribe","4.0-5.0","Medium","Sweet Potato","703","Vegetable","52.0","0.0","9.76","9.76"
"2015-16","Rajasthan","8","Dausa","97","Others","> 20.0","Large","Rapeseed & Mustard (Toria/Taramira)","1004","Oilseeds","28.0","340.06","0.0","340.06"
"2015-16","Kerala","32","Alappuzha","554","Scheduled Caste","> 20.0","Large","Banana","606","Fruits","0.0","0.0","0.0","0.0"
"2010-11","West Bengal","19","Dinajpur Uttar","311","Scheduled Caste","< 0.5","Marginal","Barley","107","Cereals","0.0","0.0","0.0","0.0"
"2015-16","Maharashtra","27","Jalna","479","Institutional","0.5-1.0","Marginal","Kharif Paddy","131","Cereals","7.0","0.0","4.2","4.2"
"2015-16","Uttar Pradesh","9","Barabanki","129","Scheduled Caste","3.0-4.0","Semi-Medium","Mangoes","601","Fruits","0.0","0.0","0.0","0.0"
"2015-16","Uttar Pradesh","9","Moradabad","171","Scheduled Caste","2.0-3.0","Semi-Medium","Mangoes","601","Fruits","0.0","0.0","0.0","0.0"
"2015-16","Gujarat","24","Arvalli","672","Others","> 20.0","Large","Tur (Arhar)","202","Pulses","8.0","30.77","0.0","30.77"
"2015-16","Rajasthan","8","Ganganagar","100","Institutional","1.0-2.0","Small","Moth","209","Pulses","0.0","0.0","0.0","0.0"
"2010-11","West Bengal","19","Medinipur West","318","Scheduled Tribe","4.0-5.0","Medium","Cabbage","716","Vegetable","0.0","0.0","0.0","0.0"
"2015-16","Madhya Pradesh","23","Damoh","400","Others","> 20.0","Large","Brinjal","718","Vegetable","0.0","0.0","0.0","0.0"
"2015-16","Madhya Pradesh","23","Sidhi","433","Scheduled Caste","0.5-1.0","Marginal","Horsegram","206","Pulses","6.0","0.0","0.72","0.72"
"2015-16","Kerala","32","Ernakulam","555","Institutional","5.0-7.5","Medium","Other Medicinal Plant","1705","Medicinal","0.0","0.0","0.0","0.0"
"2015-16","Uttarakhand","5","Bageshwar","46","Scheduled Caste","1.0-2.0","Small","Other Fodder Crops","1488","Fodder","0.0","0.0","0.0","0.0"
"2015-16","Telangana","36","Adilabad","501","Others","3.0-4.0","Semi-Medium","Onion","708","Vegetable","67.0","6.19","125.94","132.13"
"2010-11","Kerala","32","Kasaragod","558","Scheduled Caste","10.0-20.0","Large","Peas (Vegetable) (Green)","719","Vegetable","0.0","0.0","0.0","0.0"
"2015-16","Tripura","16","West Tripura","272","Scheduled Tribe","7.5-10.0","Medium","Sugarcane","401","Sugar","0.0","0.0","0.0","0.0"
"2010-11","Maharashtra","27","Akola","467","Scheduled Caste","4.0-5.0","Medium","Lemon / Acid Lime","604","Fruits","0.0","0.0","0.0","0.0"
"2010-11","Madhya Pradesh","23","Dindori","404","Others","5.0-7.5","Medium","Onion","708","Vegetable","0.0","0.0","0.0","0.0"
"2015-16","Assam","18","Chirang","612","Scheduled Caste","< 0.5","Marginal","Urad","203","Pulses","1.0","0.0","0.11","0.11"
"2010-11","Tamil Nadu","33","Namakkal","580","Others","> 20.0","Large","Jute","1102","Fiber Crops","0.0","0.0","0.0","0.0"
"2010-11","Kerala","32","Wayanad","567","Scheduled Tribe","< 0.5","Marginal","Other Sugar Crops","488","Sugar","24.0","0.0","0.02","0.02"
"2015-16","Karnataka","29","Bengaluru Urban","525","Others","0.5-1.0","Marginal","Mulberry Crop","1803","Non-Food","176.0","93.48","0.0","93.48"
"2015-16","Kerala","32","Idukki","556","Institutional","> 20.0","Large","Cabbage","716","Vegetable","0.0","0.0","0.0","0.0"
"2010-11","Kerala","32","Kannur","557","Scheduled Caste","7.5-10.0","Medium","Jasmine","1606","Flowers","0.0","0.0","0.0","0.0"
"2010-11","Uttar Pradesh","9","Firozabad","143","Others","4.0-5.0","Medium","Cauliflower","721","Vegetable","0.0","0.0","0.0","0.0"
"2010-11","Uttar Pradesh","9","Jalaun","151","Others","7.5-10.0","Medium","Other Fruits","688","Fruits","0.0","0.0","0.0","0.0"
"2015-16","Uttar Pradesh","9","Ambedkar Nagar","121","Scheduled Caste","7.5-10.0","Medium","Sugarcane","401","Sugar","0.0","0.0","0.0","0.0"
"2015-16","Arunachal Pradesh","12","Kra Daadi","677","Institutional","< 0.5","Marginal","Potato","701","Vegetable","3.0","0.0","0.07","0.07"
"2010-11","Karnataka","29","Gadag","537","Scheduled Tribe","7.5-10.0","Medium","Mangoes","601","Fruits","0.0","0.0","0.0","0.0"
"2010-11","Gujarat","24","Jamnagar","447","Scheduled Tribe","> 20.0","Large","Urad","203","Pulses","0.0","0.0","0.0","0.0"
"2010-11","Kerala","32","Alappuzha","554","Scheduled Caste","> 20.0","Large","Bottle Guard (Lauki)","723","Vegetable","0.0","0.0","0.0","0.0"
"2015-16","Assam","18","Nalbari","298","Scheduled Tribe","5.0-7.5","Medium","Jack Fruit","621","Fruits","3.0","0.0","0.08","0.08"
"2010-11","Rajasthan","8","Jhunjhunu","106","Others","7.5-10.0","Medium","Bottle Guard (Lauki)","723","Vegetable","0.0","0.0","0.0","0.0"
"2010-11","Chhattisgarh","22","Dhamtari","377","Others","4.0-5.0","Medium","Other Vegetables","788","Vegetable","143.0","57.8","17.26","75.06"
"2010-11","Uttar Pradesh","9","Agra","118","Others","7.5-10.0","Medium","Merigold","1605","Flowers","0.0","0.0","0.0","0.0"
"2010-11","West Bengal","19","Coochbehar","308","Others","7.5-10.0","Medium","Bamboos","1802","Non-Food","0.0","0.0","0.0","0.0"
"2010-11","Chhattisgarh","22","Bilaspur","375","Scheduled Tribe","7.5-10.0","Medium","Guava","616","Fruits","0.0","0.0","0.0","0.0"
"2015-16","Karnataka","29","Belagavi","527","Others","< 0.5","Marginal","Cardamum (Large)","506","Spices","0.0","0.0","0.0","0.0"
"2010-11","Assam","18","Lakhimpur","295","Scheduled Tribe","7.5-10.0","Medium","Cauliflower","721","Vegetable","0.0","0.0","0.0","0.0"
"2015-16","Karnataka","29","Hassan","539","Others","10.0-20.0","Large","Turnip (Shalgam)","712","Vegetable","0.0","0.0","0.0","0.0"
"2015-16","Uttar Pradesh","9","Fatehpur","142","Institutional","> 20.0","Large","Sesamum (Til)","1003","Oilseeds","0.0","0.0","0.0","0.0"
"2015-16","Punjab","3","Rupnagar","42","Others","4.0-5.0","Medium","Bajra","103","Cereals","10.0","2.99","0.0","2.99"
"2015-16","Maharashtra","27","Satara","494","Others","< 0.5","Marginal","Lemon / Acid Lime","604","Fruits","0.0","0.0","0.0","0.0"
"2015-16","Madhya Pradesh","23","Vidisha","437","Scheduled Tribe","3.0-4.0","Semi-Medium","Other Pulses","288","Pulses","0.0","0.0","0.0","0.0"
"2010-11","Andaman And Nicobar Islands","35","South Andamans","602","Others","5.0-7.5","Medium","Papaya","615","Fruits","1.0","0.0","0.03","0.03"